{
    "distCoeffs": [
        2.088857412338257,
        -82.30382537841797,
        -0.0007134702173061669,
        0.0020022473763674498,
        315.66143798828125,
        1.8588818311691284,
        -80.08395385742188,
        308.980712890625,
        0.0,
        0.0,
        0.0,
        0.0,
        0.0,
        0.0
    ],
    "fps": 30.0,
    "intrinsics": [
        [
            1025.26513671875,
            0.0,
            642.6650390625
        ],
        [
            0.0,
            1025.26513671875,
            359.37811279296875
        ],
        [
            0.0,
            0.0,
            1.0
        ]
    ],
    "resolution": 720,
    "tagFamily": "DICT_APRILTAG_36h11"
}